<?xml version="1.0" encoding="UTF-8"?>
<project-private xmlns="http://www.netbeans.org/ns/project-private/1">
    <editor-bookmarks xmlns="http://www.netbeans.org/ns/editor-bookmarks/2" lastBookmarkId="0"/>
    <open-files xmlns="http://www.netbeans.org/ns/projectui-open-files/2">
        <group>
            <file>file:/C:/Users/carom/OneDrive/Escritorio/Sistema%20de%20Eventos%20Marzo%202025-%20ObligatorioAED%205-5/Sistema%20de%20Eventos%20Marzo%202025-%20ObligatorioAED/src/sistemaAutogestion/Sistema.java</file>
            <file>file:/C:/Users/carom/OneDrive/Escritorio/Sistema%20de%20Eventos%20Marzo%202025-%20ObligatorioAED%205-5/Sistema%20de%20Eventos%20Marzo%202025-%20ObligatorioAED/src/dominio/Cliente.java</file>
            <file>file:/C:/Users/carom/OneDrive/Escritorio/Sistema%20de%20Eventos%20Marzo%202025-%20ObligatorioAED%205-5/Sistema%20de%20Eventos%20Marzo%202025-%20ObligatorioAED/test/sistemaAutogestion/IObligatorioTest.java</file>
            <file>file:/C:/Users/carom/OneDrive/Escritorio/Sistema%20de%20Eventos%20Marzo%202025-%20ObligatorioAED%205-5/Sistema%20de%20Eventos%20Marzo%202025-%20ObligatorioAED/src/dominio/Evento.java</file>
            <file>file:/C:/Users/carom/OneDrive/Escritorio/Sistema%20de%20Eventos%20Marzo%202025-%20ObligatorioAED%205-5/Sistema%20de%20Eventos%20Marzo%202025-%20ObligatorioAED/src/tads/listaGeneric/ListaS.java</file>
            <file>file:/C:/Users/carom/OneDrive/Escritorio/Sistema%20de%20Eventos%20Marzo%202025-%20ObligatorioAED%205-5/Sistema%20de%20Eventos%20Marzo%202025-%20ObligatorioAED/src/dominio/Sala.java</file>
        </group>
    </open-files>
</project-private>
